Assigner,Count
security@opencloudos.tech,9.0
security@genetec.com,11.0
security@huntr.dev,13.310956301456619
infosec@edk2.groups.io,14.0
cve@jetbrains.com,14.0
security@tcpdump.org,15.5
security@jetbrains.com,15.698924731182796
alibaba-cna@list.alibaba-inc.com,17.0
paddle-security@baidu.com,17.142857142857142
audit@patchstack.com,17.521472392638035
secure@citrix.com,20.142857142857142
security@pega.com,20.38888888888889
product-security@gg.jp.panasonic.com,20.5
larry0@me.com,21.29850746268657
security@oppo.com,21.5
dl_cve@linecorp.com,22.444444444444443
mobile.security@samsung.com,22.7578231292517
security@unisoc.com,23.594882729211086
security@vivo.com,24.0
security@joomla.org,24.196969696969695
psirt@thalesgroup.com,24.428571428571427
security@acronis.com,24.49425287356322
security@m-files.com,24.75
tbd@nist.gov,25.0
csirt@divd.nl,25.125
cve@navercorp.com,25.647058823529413
security-alert@sophos.com,25.666666666666668
vdp@themissinglink.com.au,25.72
iletisim@usom.gov.tr,26.0
security@sierrawireless.com,26.0
cve@usom.gov.tr,26.131736526946106
xpdf@xpdfreader.com,26.2
vuln@ca.com,26.323529411764707
securities@openeuler.org,26.535714285714285
security@octopus.com,27.244444444444444
security@craftersoftware.com,27.625
product-security@silabs.com,27.625
security@bluespice.com,27.636363636363637
vulnerabilities@zephyrproject.org,27.875
3DS.Information-Security@3ds.com,28.09090909090909
security@checkmk.com,28.2
browser-security@yandex-team.ru,28.5
vulnerability@kaspersky.com,28.953488372093023
cve-coordination@logitech.com,29.0
psirt@purestorage.com,29.0
chrome-cve-admin@google.com,29.03822629969419
security@pandorafms.com,29.22222222222222
security@hypr.com,29.285714285714285
cve@zscaler.com,29.473684210526315
secure@intel.com,29.481644640234947
security@synology.com,29.5
hp-security-alert@hp.com,29.60933660933661
psirt@forgerock.com,29.625
security@snowsoftware.com,29.833333333333332
psirt@amd.com,29.835164835164836
VulnerabilityReporting@secomea.com,30.289473684210527
responsibledisclosure@mattermost.com,30.419354838709676
psirt@honeywell.com,30.625
disclosures@exodusintel.com,30.8
dsap-vuln-management@google.com,31.0
cna@cyber.gov.il,31.21527777777778
patrick@puiterwijk.org,31.276119402985074
security@xiaomi.com,31.414634146341463
support@shopbeat.co.za,31.5
security@openvpn.net,31.533333333333335
jenkinsci-cert@googlegroups.com,31.61556420233463
psirt@solarwinds.com,31.84536082474227
security@42gears.com,32.0
security@search-guard.com,32.44444444444444
security@debian.org,32.54186413902054
psirt@hcl.com,32.868263473053894
security-alert@netapp.com,32.971698113207545
secure@microsoft.com,33.35159263749587
responsible-disclosure@pingidentity.com,33.4
help@fluidattacks.com,33.575129533678755
security@microfocus.com,33.7109375
PSIRT@sonicwall.com,33.74576271186441
cve@mitre.org,33.827047893352535
office@cyberdanube.com,34.125
cve@cert.org.tw,34.411764705882355
security@devolutions.net,34.61764705882353
security@odoo.com,34.84375
report@snyk.io,34.892116182572614
cve@checkpoint.com,35.31707317073171
security@jfrog.com,35.706896551724135
security.vulnerabilities@hitachivantara.com,35.75
scy@openharmony.io,36.0
security@google.com,36.394366197183096
biossecurity@ami.com,36.411764705882355
sirt@brocade.com,36.47663551401869
cert@airbus.com,36.5
productsecurity@jci.com,36.54347826086956
psirt@lenovo.com,36.686868686868685
vultures@jpcert.or.jp,36.74937343358396
cert@cert.org,36.89158295808798
cve@gitlab.com,36.987915407854985
psirt@autodesk.com,37.23529411764706
vuln@krcert.or.kr,37.37714285714286
cybersecurity@bd.com,37.57142857142857
security@teradici.com,38.05
security@hashicorp.com,38.266666666666666
vulnreport@tenable.com,38.4481981981982
PSIRT-CNA@flexerasoftware.com,38.64154786150713
psirt@us.ibm.com,38.64856348470806
info@cert.vde.com,38.76712328767123
product-security@apple.com,38.80780720971918
info@greenrocketsecurity.com,39.0
psirt@zte.com.cn,39.28947368421053
ics-cert@hq.dhs.gov,39.38785896037805
ot-cert@dragos.com,39.4
security@vaadin.com,39.47826086956522
cybersecurity@dahuatech.com,39.68571428571428
security-report@netflix.com,39.8
cve_disclosure@tech.gov.sg,40.0625
vulnerabilitylab@mend.io,40.06666666666667
security-alert@hpe.com,40.14424007744434
cve-assign@distributedweaknessfiling.org,40.31481481481482
support@hackerone.com,40.42645850451931
hsrc@hikvision.com,40.55555555555556
cvd@cert.pl,40.666666666666664
security@nortonlifelock.com,40.7
productsecurity@baxter.com,40.75
vulnerability@cspcert.ph,41.0
psirt@mirantis.com,41.0
contact@wpscan.com,41.0345080763583
security@puppet.com,41.056603773584904
secalert@redhat.com,41.186727779992026
security@yugabyte.com,41.2
psirt@fortinet.com,41.346296296296295
psirt@mcafee.com,41.35496183206107
security@ubuntu.com,41.50156739811912
product-security@axis.com,41.529411764705884
security@android.com,41.559318181818185
psirt@okta.com,41.6
psirt@huawei.com,41.64510050251256
info@starlabs.sg,41.65
cve@takeonme.org,41.666666666666664
security@docker.com,41.77777777777778
security@mediatek.com,41.813559322033896
security@openanolis.org,42.0
psirt@esri.com,42.014925373134325
security@suse.com,42.02097902097902
contact@securifera.com,42.2
security@360.cn,42.333333333333336
cve-coordination@incibe.es,42.333333333333336
psirt@nvidia.com,42.54014598540146
arm-security@arm.com,42.714285714285715
secure@blackberry.com,42.83720930232558
security@salesforce.com,43.166666666666664
psirt@moxa.com,43.46153846153846
secure@dell.com,43.5902228612509
security@otrs.com,43.785714285714285
securityalerts@avaya.com,44.16216216216216
cve-coordination@palantir.com,44.878787878787875
disclose@cybersecurityworks.com,45.27272727272727
security@trendmicro.com,45.28346456692913
cve-assign@fb.com,45.306666666666665
cve-requests@bitdefender.com,45.391304347826086
cve@profelis.com.tr,45.5
cves@blacklanternsecurity.com,45.5
cna@sap.com,45.72789783889981
security@proofpoint.com,46.0
incident@nbu.gov.sk,46.0
f5sirt@f5.com,46.07425742574257
security@mozilla.org,46.12364052661706
disclosure@vulncheck.com,46.2
security@asustor.com,46.3
psirt@adobe.com,46.47155137126484
security@selinc.com,47.25806451612903
secure@symantec.com,47.44897959183673
security.cna@qualcomm.com,47.55565068493151
security@zoom.us,47.64646464646464
disclosures@halborn.com,47.666666666666664
psirt@sick.de,47.98412698412698
security@replicated.com,48.0
security@kubernetes.io,48.0
vulnerability@ncsc.ch,48.38297872340426
security@vmware.com,48.496629213483146
security@ni.com,48.5
security@progress.com,48.666666666666664
security@elastic.co,49.03225806451613
psirt@forcepoint.com,49.05263157894737
trellixpsirt@trellix.com,49.16216216216216
cve@rapid7.com,49.19786096256684
cybersecurity@schneider-electric.com,49.39310344827586
psirt@servicenow.com,49.57142857142857
secteam@freebsd.org,49.717557251908396
CybersecurityCOE@eaton.com,49.869565217391305
security@opentext.com,50.25
disclosures@gallagher.com,50.62068965517241
cybersecurity@hitachi-powergrids.com,50.666666666666664
security@liferay.com,50.68
cybersecurity@ch.abb.com,50.756521739130434
security@qnap.com,50.84736842105263
secure@ea.com,51.0
product.security@lge.com,51.10526315789474
security@atlassian.com,51.22284122562674
prodsec@nozominetworks.com,51.24242424242424
security@golang.org,51.33734939759036
SecurityResponse@netmotionsoftware.com,51.5
security@duo.com,51.666666666666664
security@zabbix.com,51.75
psirt-info@cyber.jp.nec.com,51.81818181818182
talos-cna@cisco.com,51.87666844634276
sirt@silver-peak.com,52.0
psirt@arista.com,52.214285714285715
security@php.net,52.91836734693877
security@illumio.com,53.0
psirt@bosch.com,53.19117647058823
prodsec@splunk.com,53.49230769230769
security@zyxel.com.tw,54.30555555555556
psirt@teamviewer.com,54.5
cve-notifications-us@f-secure.com,55.23913043478261
security@eclipse.org,55.4
security@apache.org,55.50652528548124
security@pivotal.io,55.827586206896555
disclosure@synopsys.com,56.35897435897436
cert@ncsc.nl,57.0625
research@onekey.com,57.857142857142854
PSIRT@rockwellautomation.com,58.05882352941177
hirt@hitachi.co.jp,58.107142857142854
security@mautic.org,58.375
cna@mongodb.com,59.61363636363637
cna@python.org,60.0
zowe-security@lists.openmainframeproject.org,60.5
security@baicells.com,60.5
vdisclose@cert-in.org.in,60.642857142857146
security@drupal.org,60.77358490566038
security@deepsurface.com,61.0
ART@zuso.ai,61.25
security@opera.com,61.5
PSIRT@synaptics.com,61.5
cve-request@wordfence.com,61.691042047531994
security@fidelissecurity.com,62.23076923076923
cna@cloudflare.com,62.5
security@eset.com,63.0
cna@vuldb.com,64.44693396226415
psirt@tigera.io,64.5
psirt@wdc.com,64.775
security@medtronic.com,65.66666666666667
psirt@paloaltonetworks.com,66.11640211640211
security@open-xchange.com,67.1470588235294
vuln@vdoo.com,67.72727272727273
secalert_us@oracle.com,70.99470829474798
psirt@sailpoint.com,73.0
info@cybellum.com,73.0
security@opennms.com,74.0
psirt@cisco.com,74.65755953479785
cve-request@iojs.org,76.55555555555556
openbmc-security@lists.ozlabs.org,77.0
GEPowerCVD@ge.com,78.0
bugreport@qualys.com,78.8
security-officer@isc.org,78.85526315789474
cybersecurity@hitachienergy.com,79.82222222222222
cve@aliasrobotics.com,81.06896551724138
security@grafana.com,83.0
zdi-disclosures@trendmicro.com,85.11048951048951
productsecurity@carrier.com,85.75
product-cna@github.com,86.07894736842105
productsecurity@bbraun.com,87.0
productcert@siemens.com,90.71240105540898
security@1e.com,92.66666666666667
security@documentfoundation.org,93.95652173913044
security@tibco.com,96.01923076923077
psirt@netskope.com,96.66666666666667
Mitsubishielectric.Psirt@yd.MitsubishiElectric.co.jp,98.60759493670886
security-advisories@github.com,98.64095500459136
sep@nlnetlabs.nl,107.53846153846153
info@appcheck-ng.com,110.33333333333333
security@dotcms.com,113.0
security@knime.com,118.6
security@xen.org,125.46067415730337
facts@wolfssl.com,126.0
security@temporal.io,126.0
security@mimsoftware.com,129.0
sirt@juniper.net,143.83783783783784
openssl-security@openssl.org,159.4923076923077
cve@asrg.io,186.33333333333334
cve@forums.swift.org,264.77777777777777
